<?xml version="1.0" encoding="UTF-8"?>
<project-private xmlns="http://www.netbeans.org/ns/project-private/1">
    <editor-bookmarks xmlns="http://www.netbeans.org/ns/editor-bookmarks/2" lastBookmarkId="0"/>
    <open-files xmlns="http://www.netbeans.org/ns/projectui-open-files/2">
        <group>
            <file>file:/C:/Users/leanne/Desktop/Chan/FINAL_NA_TO_Library_Borrowin_System/Chan-dev-beginner%20DI-pa-to-finals-guys%20main%20LIBRARY-BOOK-BORROWING-SYSTEM/src/LIBRARY/AdminMain.java</file>
            <file>file:/C:/Users/leanne/Desktop/Chan/FINAL_NA_TO_Library_Borrowin_System/Chan-dev-beginner%20DI-pa-to-finals-guys%20main%20LIBRARY-BOOK-BORROWING-SYSTEM/src/LIBRARY/dataBase.java</file>
            <file>file:/C:/Users/leanne/Desktop/Chan/FINAL_NA_TO_Library_Borrowin_System/Chan-dev-beginner%20DI-pa-to-finals-guys%20main%20LIBRARY-BOOK-BORROWING-SYSTEM/src/LIBRARY/AddStudent.java</file>
            <file>file:/C:/Users/leanne/Desktop/Chan/FINAL_NA_TO_Library_Borrowin_System/Chan-dev-beginner%20DI-pa-to-finals-guys%20main%20LIBRARY-BOOK-BORROWING-SYSTEM/src/LIBRARY/ReturnBook.java</file>
            <file>file:/C:/Users/leanne/Desktop/Chan/FINAL_NA_TO_Library_Borrowin_System/Chan-dev-beginner%20DI-pa-to-finals-guys%20main%20LIBRARY-BOOK-BORROWING-SYSTEM/src/LIBRARY/AddBook.java</file>
        </group>
    </open-files>
</project-private>
